year,state_alpha,county_ansi,county_name,commodity_desc,unit_desc,Period,Value,Value_num
2007,ME,003,AROOSTOOK,BARLEY,BU,YEAR,"1,048,914",1048914
2007,ME,009,HANCOCK,BARLEY,BU,YEAR,750,750
2007,ME,019,PENOBSCOT,BARLEY,BU,YEAR,"18,928",18928
2007,ME,011,KENNEBEC,BARLEY,BU,YEAR,410,410
2007,ME,019,PENOBSCOT,BEANS,CWT,YEAR,"1,000",1000
2007,ME,011,KENNEBEC,BEANS,CWT,YEAR,180,180
2007,ME,003,AROOSTOOK,CORN,BU,YEAR,"28,856",28856
2007,ME,019,PENOBSCOT,CORN,BU,YEAR,"101,304",101304
2007,ME,021,PISCATAQUIS,CORN,BU,YEAR,"6,960",6960
2007,ME,025,SOMERSET,CORN,BU,YEAR,"78,043",78043
2007,ME,011,KENNEBEC,CORN,BU,YEAR,"16,580",16580
2007,ME,003,AROOSTOOK,CORN,TONS,YEAR,"11,202",11202
2007,ME,019,PENOBSCOT,CORN,TONS,YEAR,"131,057",131057
2007,ME,021,PISCATAQUIS,CORN,TONS,YEAR,"7,554",7554
2007,ME,025,SOMERSET,CORN,TONS,YEAR,"87,417",87417
2007,ME,027,WALDO,CORN,TONS,YEAR,"53,006",53006
2007,ME,001,ANDROSCOGGIN,CORN,TONS,YEAR,"33,172",33172
2007,ME,005,CUMBERLAND,CORN,TONS,YEAR,"4,533",4533
2007,ME,007,FRANKLIN,CORN,TONS,YEAR,"5,780",5780
2007,ME,011,KENNEBEC,CORN,TONS,YEAR,"75,739",75739
2007,ME,017,OXFORD,CORN,TONS,YEAR,"12,200",12200
2007,ME,031,YORK,CORN,TONS,YEAR,"4,409",4409
2007,ME,003,AROOSTOOK,HAY,TONS,YEAR,"8,072",8072
2007,ME,019,PENOBSCOT,HAY,TONS,YEAR,"1,944",1944
2007,ME,025,SOMERSET,HAY,TONS,YEAR,902,902
2007,ME,027,WALDO,HAY,TONS,YEAR,"1,415",1415
2007,ME,001,ANDROSCOGGIN,HAY,TONS,YEAR,"1,052",1052
2007,ME,005,CUMBERLAND,HAY,TONS,YEAR,"1,794",1794
2007,ME,011,KENNEBEC,HAY,TONS,YEAR,"2,614",2614
2007,ME,013,KNOX,HAY,TONS,YEAR,7,7
2007,ME,015,LINCOLN,HAY,TONS,YEAR,815,815
2007,ME,017,OXFORD,HAY,TONS,YEAR,544,544
2007,ME,023,SAGADAHOC,HAY,TONS,YEAR,238,238
2007,ME,031,YORK,HAY,TONS,YEAR,"1,406",1406
2007,ME,003,AROOSTOOK,HAY,TONS,YEAR,"40,454",40454
2007,ME,019,PENOBSCOT,HAY,TONS,YEAR,"26,359",26359
2007,ME,021,PISCATAQUIS,HAY,TONS,YEAR,"6,303",6303
2007,ME,025,SOMERSET,HAY,TONS,YEAR,"27,545",27545
2007,ME,027,WALDO,HAY,TONS,YEAR,"22,326",22326
2007,ME,001,ANDROSCOGGIN,HAY,TONS,YEAR,"16,069",16069
2007,ME,005,CUMBERLAND,HAY,TONS,YEAR,"18,917",18917
2007,ME,007,FRANKLIN,HAY,TONS,YEAR,"12,381",12381
2007,ME,011,KENNEBEC,HAY,TONS,YEAR,"33,725",33725
2007,ME,013,KNOX,HAY,TONS,YEAR,"10,387",10387
2007,ME,015,LINCOLN,HAY,TONS,YEAR,"10,445",10445
2007,ME,017,OXFORD,HAY,TONS,YEAR,"14,168",14168
2007,ME,023,SAGADAHOC,HAY,TONS,YEAR,"6,753",6753
2007,ME,031,YORK,HAY,TONS,YEAR,"24,629",24629
2007,ME,003,AROOSTOOK,HAY,TONS,YEAR,"2,190",2190
2007,ME,019,PENOBSCOT,HAY,TONS,YEAR,"1,047",1047
2007,ME,025,SOMERSET,HAY,TONS,YEAR,473,473
2007,ME,027,WALDO,HAY,TONS,YEAR,488,488
2007,ME,001,ANDROSCOGGIN,HAY,TONS,YEAR,195,195
2007,ME,005,CUMBERLAND,HAY,TONS,YEAR,337,337
2007,ME,011,KENNEBEC,HAY,TONS,YEAR,"1,061",1061
2007,ME,013,KNOX,HAY,TONS,YEAR,"2,833",2833
2007,ME,015,LINCOLN,HAY,TONS,YEAR,64,64
2007,ME,017,OXFORD,HAY,TONS,YEAR,42,42
2007,ME,031,YORK,HAY,TONS,YEAR,946,946
2007,ME,003,AROOSTOOK,HAY,TONS,YEAR,"24,805",24805
2007,ME,009,HANCOCK,HAY,TONS,YEAR,"2,087",2087
2007,ME,019,PENOBSCOT,HAY,TONS,YEAR,"19,253",19253
2007,ME,021,PISCATAQUIS,HAY,TONS,YEAR,"4,847",4847
2007,ME,025,SOMERSET,HAY,TONS,YEAR,"21,996",21996
2007,ME,027,WALDO,HAY,TONS,YEAR,"14,152",14152
2007,ME,029,WASHINGTON,HAY,TONS,YEAR,668,668
2007,ME,001,ANDROSCOGGIN,HAY,TONS,YEAR,"10,292",10292
2007,ME,005,CUMBERLAND,HAY,TONS,YEAR,"12,697",12697
2007,ME,007,FRANKLIN,HAY,TONS,YEAR,"7,923",7923
2007,ME,011,KENNEBEC,HAY,TONS,YEAR,"25,108",25108
2007,ME,013,KNOX,HAY,TONS,YEAR,"4,802",4802
2007,ME,015,LINCOLN,HAY,TONS,YEAR,"6,236",6236
2007,ME,017,OXFORD,HAY,TONS,YEAR,"9,424",9424
2007,ME,023,SAGADAHOC,HAY,TONS,YEAR,"4,443",4443
2007,ME,031,YORK,HAY,TONS,YEAR,"17,665",17665
2007,ME,003,AROOSTOOK,HAY,TONS,YEAR,"5,387",5387
2007,ME,009,HANCOCK,HAY,TONS,YEAR,"1,022",1022
2007,ME,019,PENOBSCOT,HAY,TONS,YEAR,"4,115",4115
2007,ME,021,PISCATAQUIS,HAY,TONS,YEAR,796,796
2007,ME,025,SOMERSET,HAY,TONS,YEAR,"4,174",4174
2007,ME,027,WALDO,HAY,TONS,YEAR,"6,271",6271
2007,ME,029,WASHINGTON,HAY,TONS,YEAR,"1,055",1055
2007,ME,001,ANDROSCOGGIN,HAY,TONS,YEAR,"4,530",4530
2007,ME,005,CUMBERLAND,HAY,TONS,YEAR,"4,089",4089
2007,ME,007,FRANKLIN,HAY,TONS,YEAR,"1,645",1645
2007,ME,011,KENNEBEC,HAY,TONS,YEAR,"4,942",4942
2007,ME,013,KNOX,HAY,TONS,YEAR,"2,745",2745
2007,ME,015,LINCOLN,HAY,TONS,YEAR,"3,330",3330
2007,ME,017,OXFORD,HAY,TONS,YEAR,"4,158",4158
2007,ME,023,SAGADAHOC,HAY,TONS,YEAR,"2,072",2072
2007,ME,031,YORK,HAY,TONS,YEAR,"4,612",4612
2007,ME,003,AROOSTOOK,HAY & HAYLAGE,"TONS, DRY BASIS",YEAR,"49,712",49712
2007,ME,009,HANCOCK,HAY & HAYLAGE,"TONS, DRY BASIS",YEAR,"3,670",3670
2007,ME,019,PENOBSCOT,HAY & HAYLAGE,"TONS, DRY BASIS",YEAR,"59,718",59718
2007,ME,021,PISCATAQUIS,HAY & HAYLAGE,"TONS, DRY BASIS",YEAR,"9,240",9240
2007,ME,025,SOMERSET,HAY & HAYLAGE,"TONS, DRY BASIS",YEAR,"48,630",48630
2007,ME,027,WALDO,HAY & HAYLAGE,"TONS, DRY BASIS",YEAR,"35,717",35717
2007,ME,029,WASHINGTON,HAY & HAYLAGE,"TONS, DRY BASIS",YEAR,"1,981",1981
2007,ME,001,ANDROSCOGGIN,HAY & HAYLAGE,"TONS, DRY BASIS",YEAR,"30,436",30436
2007,ME,005,CUMBERLAND,HAY & HAYLAGE,"TONS, DRY BASIS",YEAR,"26,221",26221
2007,ME,007,FRANKLIN,HAY & HAYLAGE,"TONS, DRY BASIS",YEAR,"17,878",17878
2007,ME,011,KENNEBEC,HAY & HAYLAGE,"TONS, DRY BASIS",YEAR,"66,532",66532
2007,ME,013,KNOX,HAY & HAYLAGE,"TONS, DRY BASIS",YEAR,"12,579",12579
2007,ME,015,LINCOLN,HAY & HAYLAGE,"TONS, DRY BASIS",YEAR,"11,975",11975
2007,ME,017,OXFORD,HAY & HAYLAGE,"TONS, DRY BASIS",YEAR,"16,196",16196
2007,ME,023,SAGADAHOC,HAY & HAYLAGE,"TONS, DRY BASIS",YEAR,"9,831",9831
2007,ME,031,YORK,HAY & HAYLAGE,"TONS, DRY BASIS",YEAR,"28,107",28107
2007,ME,003,AROOSTOOK,HAYLAGE,TONS,YEAR,"14,338",14338
2007,ME,009,HANCOCK,HAYLAGE,TONS,YEAR,671,671
2007,ME,019,PENOBSCOT,HAYLAGE,TONS,YEAR,"54,166",54166
2007,ME,021,PISCATAQUIS,HAYLAGE,TONS,YEAR,"5,942",5942
2007,ME,025,SOMERSET,HAYLAGE,TONS,YEAR,"30,101",30101
2007,ME,027,WALDO,HAYLAGE,TONS,YEAR,"21,371",21371
2007,ME,001,ANDROSCOGGIN,HAYLAGE,TONS,YEAR,"22,131",22131
2007,ME,005,CUMBERLAND,HAYLAGE,TONS,YEAR,"11,357",11357
2007,ME,007,FRANKLIN,HAYLAGE,TONS,YEAR,"7,105",7105
2007,ME,011,KENNEBEC,HAYLAGE,TONS,YEAR,"46,584",46584
2007,ME,015,LINCOLN,HAYLAGE,TONS,YEAR,"2,715",2715
2007,ME,017,OXFORD,HAYLAGE,TONS,YEAR,"2,556",2556
2007,ME,023,SAGADAHOC,HAYLAGE,TONS,YEAR,"6,226",6226
2007,ME,031,YORK,HAYLAGE,TONS,YEAR,"6,502",6502
2007,ME,003,AROOSTOOK,HAYLAGE,TONS,YEAR,"4,391",4391
2007,ME,019,PENOBSCOT,HAYLAGE,TONS,YEAR,"13,322",13322
2007,ME,025,SOMERSET,HAYLAGE,TONS,YEAR,"12,555",12555
2007,ME,027,WALDO,HAYLAGE,TONS,YEAR,"5,720",5720
2007,ME,001,ANDROSCOGGIN,HAYLAGE,TONS,YEAR,"6,935",6935
2007,ME,005,CUMBERLAND,HAYLAGE,TONS,YEAR,"3,420",3420
2007,ME,007,FRANKLIN,HAYLAGE,TONS,YEAR,"4,016",4016
2007,ME,011,KENNEBEC,HAYLAGE,TONS,YEAR,"19,787",19787
2007,ME,015,LINCOLN,HAYLAGE,TONS,YEAR,380,380
2007,ME,017,OXFORD,HAYLAGE,TONS,YEAR,"1,546",1546
2007,ME,031,YORK,HAYLAGE,TONS,YEAR,534,534
2007,ME,003,AROOSTOOK,HAYLAGE,TONS,YEAR,"18,729",18729
2007,ME,019,PENOBSCOT,HAYLAGE,TONS,YEAR,"67,488",67488
2007,ME,021,PISCATAQUIS,HAYLAGE,TONS,YEAR,"5,942",5942
2007,ME,025,SOMERSET,HAYLAGE,TONS,YEAR,"42,656",42656
2007,ME,027,WALDO,HAYLAGE,TONS,YEAR,"27,091",27091
2007,ME,001,ANDROSCOGGIN,HAYLAGE,TONS,YEAR,"29,066",29066
2007,ME,005,CUMBERLAND,HAYLAGE,TONS,YEAR,"14,777",14777
2007,ME,007,FRANKLIN,HAYLAGE,TONS,YEAR,"11,121",11121
2007,ME,011,KENNEBEC,HAYLAGE,TONS,YEAR,"66,371",66371
2007,ME,013,KNOX,HAYLAGE,TONS,YEAR,"4,434",4434
2007,ME,015,LINCOLN,HAYLAGE,TONS,YEAR,"3,095",3095
2007,ME,017,OXFORD,HAYLAGE,TONS,YEAR,"4,102",4102
2007,ME,023,SAGADAHOC,HAYLAGE,TONS,YEAR,"6,226",6226
2007,ME,031,YORK,HAYLAGE,TONS,YEAR,"7,036",7036
2007,ME,003,AROOSTOOK,MAPLE SYRUP,GALLONS,YEAR,"4,981",4981
2007,ME,009,HANCOCK,MAPLE SYRUP,GALLONS,YEAR,124,124
2007,ME,019,PENOBSCOT,MAPLE SYRUP,GALLONS,YEAR,"1,439",1439
2007,ME,021,PISCATAQUIS,MAPLE SYRUP,GALLONS,YEAR,"3,286",3286
2007,ME,025,SOMERSET,MAPLE SYRUP,GALLONS,YEAR,"223,459",223459
2007,ME,027,WALDO,MAPLE SYRUP,GALLONS,YEAR,"5,598",5598
2007,ME,029,WASHINGTON,MAPLE SYRUP,GALLONS,YEAR,115,115
2007,ME,001,ANDROSCOGGIN,MAPLE SYRUP,GALLONS,YEAR,"1,523",1523
2007,ME,005,CUMBERLAND,MAPLE SYRUP,GALLONS,YEAR,837,837
2007,ME,007,FRANKLIN,MAPLE SYRUP,GALLONS,YEAR,"3,524",3524
2007,ME,011,KENNEBEC,MAPLE SYRUP,GALLONS,YEAR,"1,227",1227
2007,ME,013,KNOX,MAPLE SYRUP,GALLONS,YEAR,348,348
2007,ME,015,LINCOLN,MAPLE SYRUP,GALLONS,YEAR,683,683
2007,ME,017,OXFORD,MAPLE SYRUP,GALLONS,YEAR,"2,941",2941
2007,ME,023,SAGADAHOC,MAPLE SYRUP,GALLONS,YEAR,76,76
2007,ME,031,YORK,MAPLE SYRUP,GALLONS,YEAR,"2,286",2286
2007,ME,003,AROOSTOOK,OATS,BU,YEAR,"1,915,733",1915733
2007,ME,009,HANCOCK,OATS,BU,YEAR,"1,125",1125
2007,ME,019,PENOBSCOT,OATS,BU,YEAR,"13,223",13223
2007,ME,021,PISCATAQUIS,OATS,BU,YEAR,"4,338",4338
2007,ME,007,FRANKLIN,OATS,BU,YEAR,"1,525",1525
2007,ME,003,AROOSTOOK,SOYBEANS,BU,YEAR,"15,590",15590
2007,ME,003,AROOSTOOK,WHEAT,BU,YEAR,"15,961",15961
2012,ME,003,AROOSTOOK,BARLEY,BU,YEAR,"860,835",860835
2012,ME,021,PISCATAQUIS,BARLEY,BU,YEAR,"3,000",3000
2012,ME,015,LINCOLN,BARLEY,BU,YEAR,750,750
2012,ME,025,SOMERSET,BEANS,CWT,YEAR,275,275
2012,ME,003,AROOSTOOK,CANOLA,LB,YEAR,"757,434",757434
2012,ME,003,AROOSTOOK,CORN,BU,YEAR,"40,728",40728
2012,ME,025,SOMERSET,CORN,BU,YEAR,"113,948",113948
2012,ME,029,WASHINGTON,CORN,BU,YEAR,60,60
2012,ME,011,KENNEBEC,CORN,BU,YEAR,"112,467",112467
2012,ME,031,YORK,CORN,BU,YEAR,"24,411",24411
2012,ME,003,AROOSTOOK,CORN,TONS,YEAR,"5,864",5864
2012,ME,019,PENOBSCOT,CORN,TONS,YEAR,"122,435",122435
2012,ME,021,PISCATAQUIS,CORN,TONS,YEAR,"15,073",15073
2012,ME,025,SOMERSET,CORN,TONS,YEAR,"68,649",68649
2012,ME,027,WALDO,CORN,TONS,YEAR,"45,787",45787
2012,ME,001,ANDROSCOGGIN,CORN,TONS,YEAR,"31,646",31646
2012,ME,005,CUMBERLAND,CORN,TONS,YEAR,"5,712",5712
2012,ME,007,FRANKLIN,CORN,TONS,YEAR,"1,295",1295
2012,ME,011,KENNEBEC,CORN,TONS,YEAR,"54,995",54995
2012,ME,017,OXFORD,CORN,TONS,YEAR,"8,446",8446
2012,ME,023,SAGADAHOC,CORN,TONS,YEAR,"2,164",2164
2012,ME,031,YORK,CORN,TONS,YEAR,"9,118",9118
2012,ME,003,AROOSTOOK,GRAIN,OPERATIONS,YEAR,1,1
2012,ME,003,AROOSTOOK,HAY,TONS,YEAR,"3,618",3618
2012,ME,009,HANCOCK,HAY,TONS,YEAR,11,11
2012,ME,019,PENOBSCOT,HAY,TONS,YEAR,"1,824",1824
2012,ME,021,PISCATAQUIS,HAY,TONS,YEAR,39,39
2012,ME,025,SOMERSET,HAY,TONS,YEAR,360,360
2012,ME,027,WALDO,HAY,TONS,YEAR,298,298
2012,ME,029,WASHINGTON,HAY,TONS,YEAR,308,308
2012,ME,005,CUMBERLAND,HAY,TONS,YEAR,624,624
2012,ME,011,KENNEBEC,HAY,TONS,YEAR,"1,266",1266
2012,ME,013,KNOX,HAY,TONS,YEAR,104,104
2012,ME,017,OXFORD,HAY,TONS,YEAR,"1,614",1614
2012,ME,031,YORK,HAY,TONS,YEAR,"2,293",2293
2012,ME,003,AROOSTOOK,HAY,TONS,YEAR,"49,217",49217
2012,ME,009,HANCOCK,HAY,TONS,YEAR,"4,351",4351
2012,ME,019,PENOBSCOT,HAY,TONS,YEAR,"27,564",27564
2012,ME,021,PISCATAQUIS,HAY,TONS,YEAR,"11,606",11606
2012,ME,025,SOMERSET,HAY,TONS,YEAR,"34,776",34776
2012,ME,027,WALDO,HAY,TONS,YEAR,"20,826",20826
2012,ME,029,WASHINGTON,HAY,TONS,YEAR,"4,342",4342
2012,ME,001,ANDROSCOGGIN,HAY,TONS,YEAR,"19,706",19706
2012,ME,005,CUMBERLAND,HAY,TONS,YEAR,"22,625",22625
2012,ME,007,FRANKLIN,HAY,TONS,YEAR,"11,930",11930
2012,ME,011,KENNEBEC,HAY,TONS,YEAR,"22,229",22229
2012,ME,013,KNOX,HAY,TONS,YEAR,"5,555",5555
2012,ME,015,LINCOLN,HAY,TONS,YEAR,"6,483",6483
2012,ME,017,OXFORD,HAY,TONS,YEAR,"13,784",13784
2012,ME,023,SAGADAHOC,HAY,TONS,YEAR,"3,599",3599
2012,ME,031,YORK,HAY,TONS,YEAR,"22,389",22389
2012,ME,003,AROOSTOOK,HAY,TONS,YEAR,"7,132",7132
2012,ME,019,PENOBSCOT,HAY,TONS,YEAR,529,529
2012,ME,025,SOMERSET,HAY,TONS,YEAR,"3,506",3506
2012,ME,027,WALDO,HAY,TONS,YEAR,818,818
2012,ME,005,CUMBERLAND,HAY,TONS,YEAR,"1,061",1061
2012,ME,011,KENNEBEC,HAY,TONS,YEAR,"1,421",1421
2012,ME,031,YORK,HAY,TONS,YEAR,"1,770",1770
2012,ME,003,AROOSTOOK,HAY,TONS,YEAR,"31,253",31253
2012,ME,009,HANCOCK,HAY,TONS,YEAR,"2,260",2260
2012,ME,019,PENOBSCOT,HAY,TONS,YEAR,"21,172",21172
2012,ME,021,PISCATAQUIS,HAY,TONS,YEAR,"9,797",9797
2012,ME,025,SOMERSET,HAY,TONS,YEAR,"20,640",20640
2012,ME,027,WALDO,HAY,TONS,YEAR,"11,521",11521
2012,ME,029,WASHINGTON,HAY,TONS,YEAR,"2,253",2253
2012,ME,001,ANDROSCOGGIN,HAY,TONS,YEAR,"16,599",16599
2012,ME,005,CUMBERLAND,HAY,TONS,YEAR,"16,455",16455
2012,ME,007,FRANKLIN,HAY,TONS,YEAR,"7,249",7249
2012,ME,011,KENNEBEC,HAY,TONS,YEAR,"13,408",13408
2012,ME,013,KNOX,HAY,TONS,YEAR,"2,237",2237
2012,ME,015,LINCOLN,HAY,TONS,YEAR,"2,667",2667
2012,ME,017,OXFORD,HAY,TONS,YEAR,"9,417",9417
2012,ME,023,SAGADAHOC,HAY,TONS,YEAR,"1,986",1986
2012,ME,031,YORK,HAY,TONS,YEAR,"14,741",14741
2012,ME,003,AROOSTOOK,HAY,TONS,YEAR,"7,214",7214
2012,ME,009,HANCOCK,HAY,TONS,YEAR,"2,080",2080
2012,ME,019,PENOBSCOT,HAY,TONS,YEAR,"4,039",4039
2012,ME,025,SOMERSET,HAY,TONS,YEAR,"10,270",10270
2012,ME,027,WALDO,HAY,TONS,YEAR,"8,189",8189
2012,ME,029,WASHINGTON,HAY,TONS,YEAR,"1,781",1781
2012,ME,001,ANDROSCOGGIN,HAY,TONS,YEAR,"2,332",2332
2012,ME,005,CUMBERLAND,HAY,TONS,YEAR,"4,485",4485
2012,ME,007,FRANKLIN,HAY,TONS,YEAR,"1,706",1706
2012,ME,011,KENNEBEC,HAY,TONS,YEAR,"6,134",6134
2012,ME,013,KNOX,HAY,TONS,YEAR,"3,214",3214
2012,ME,015,LINCOLN,HAY,TONS,YEAR,"3,448",3448
2012,ME,017,OXFORD,HAY,TONS,YEAR,"2,753",2753
2012,ME,031,YORK,HAY,TONS,YEAR,"3,585",3585
2012,ME,003,AROOSTOOK,HAY & HAYLAGE,"TONS, DRY BASIS",YEAR,"54,079",54079
2012,ME,009,HANCOCK,HAY & HAYLAGE,"TONS, DRY BASIS",YEAR,"4,679",4679
2012,ME,019,PENOBSCOT,HAY & HAYLAGE,"TONS, DRY BASIS",YEAR,"48,617",48617
2012,ME,021,PISCATAQUIS,HAY & HAYLAGE,"TONS, DRY BASIS",YEAR,"17,134",17134
2012,ME,025,SOMERSET,HAY & HAYLAGE,"TONS, DRY BASIS",YEAR,"56,993",56993
2012,ME,027,WALDO,HAY & HAYLAGE,"TONS, DRY BASIS",YEAR,"36,500",36500
2012,ME,029,WASHINGTON,HAY & HAYLAGE,"TONS, DRY BASIS",YEAR,"5,006",5006
2012,ME,001,ANDROSCOGGIN,HAY & HAYLAGE,"TONS, DRY BASIS",YEAR,"31,890",31890
2012,ME,005,CUMBERLAND,HAY & HAYLAGE,"TONS, DRY BASIS",YEAR,"29,566",29566
2012,ME,007,FRANKLIN,HAY & HAYLAGE,"TONS, DRY BASIS",YEAR,"16,967",16967
2012,ME,011,KENNEBEC,HAY & HAYLAGE,"TONS, DRY BASIS",YEAR,"55,807",55807
2012,ME,013,KNOX,HAY & HAYLAGE,"TONS, DRY BASIS",YEAR,"6,758",6758
2012,ME,015,LINCOLN,HAY & HAYLAGE,"TONS, DRY BASIS",YEAR,"9,655",9655
2012,ME,017,OXFORD,HAY & HAYLAGE,"TONS, DRY BASIS",YEAR,"15,702",15702
2012,ME,023,SAGADAHOC,HAY & HAYLAGE,"TONS, DRY BASIS",YEAR,"6,298",6298
2012,ME,031,YORK,HAY & HAYLAGE,"TONS, DRY BASIS",YEAR,"28,525",28525
2012,ME,003,AROOSTOOK,HAYLAGE,TONS,YEAR,"6,407",6407
2012,ME,019,PENOBSCOT,HAYLAGE,TONS,YEAR,"29,783",29783
2012,ME,021,PISCATAQUIS,HAYLAGE,TONS,YEAR,"11,186",11186
2012,ME,025,SOMERSET,HAYLAGE,TONS,YEAR,"28,653",28653
2012,ME,027,WALDO,HAYLAGE,TONS,YEAR,"27,215",27215
2012,ME,029,WASHINGTON,HAYLAGE,TONS,YEAR,912,912
2012,ME,001,ANDROSCOGGIN,HAYLAGE,TONS,YEAR,"23,001",23001
2012,ME,005,CUMBERLAND,HAYLAGE,TONS,YEAR,"13,069",13069
2012,ME,011,KENNEBEC,HAYLAGE,TONS,YEAR,"63,356",63356
2012,ME,013,KNOX,HAYLAGE,TONS,YEAR,"1,703",1703
2012,ME,017,OXFORD,HAYLAGE,TONS,YEAR,"2,630",2630
2012,ME,023,SAGADAHOC,HAYLAGE,TONS,YEAR,"5,458",5458
2012,ME,031,YORK,HAYLAGE,TONS,YEAR,"8,775",8775
2012,ME,003,AROOSTOOK,HAYLAGE,TONS,YEAR,"3,428",3428
2012,ME,019,PENOBSCOT,HAYLAGE,TONS,YEAR,"12,805",12805
2012,ME,025,SOMERSET,HAYLAGE,TONS,YEAR,"16,297",16297
2012,ME,027,WALDO,HAYLAGE,TONS,YEAR,"4,490",4490
2012,ME,001,ANDROSCOGGIN,HAYLAGE,TONS,YEAR,"1,646",1646
2012,ME,005,CUMBERLAND,HAYLAGE,TONS,YEAR,971,971
2012,ME,011,KENNEBEC,HAYLAGE,TONS,YEAR,"4,582",4582
2012,ME,013,KNOX,HAYLAGE,TONS,YEAR,735,735
2012,ME,017,OXFORD,HAYLAGE,TONS,YEAR,"1,250",1250
2012,ME,031,YORK,HAYLAGE,TONS,YEAR,"3,637",3637
2012,ME,003,AROOSTOOK,HAYLAGE,TONS,YEAR,"9,835",9835
2012,ME,019,PENOBSCOT,HAYLAGE,TONS,YEAR,"42,588",42588
2012,ME,021,PISCATAQUIS,HAYLAGE,TONS,YEAR,"11,186",11186
2012,ME,025,SOMERSET,HAYLAGE,TONS,YEAR,"44,950",44950
2012,ME,027,WALDO,HAYLAGE,TONS,YEAR,"31,705",31705
2012,ME,001,ANDROSCOGGIN,HAYLAGE,TONS,YEAR,"24,647",24647
2012,ME,005,CUMBERLAND,HAYLAGE,TONS,YEAR,"14,040",14040
2012,ME,007,FRANKLIN,HAYLAGE,TONS,YEAR,"10,188",10188
2012,ME,011,KENNEBEC,HAYLAGE,TONS,YEAR,"67,938",67938
2012,ME,013,KNOX,HAYLAGE,TONS,YEAR,"2,438",2438
2012,ME,015,LINCOLN,HAYLAGE,TONS,YEAR,"6,423",6423
2012,ME,017,OXFORD,HAYLAGE,TONS,YEAR,"3,880",3880
2012,ME,023,SAGADAHOC,HAYLAGE,TONS,YEAR,"5,458",5458
2012,ME,031,YORK,HAYLAGE,TONS,YEAR,"12,412",12412
2012,ME,003,AROOSTOOK,MAPLE SYRUP,GALLONS,YEAR,"1,907",1907
2012,ME,009,HANCOCK,MAPLE SYRUP,GALLONS,YEAR,395,395
2012,ME,019,PENOBSCOT,MAPLE SYRUP,GALLONS,YEAR,"1,342",1342
2012,ME,021,PISCATAQUIS,MAPLE SYRUP,GALLONS,YEAR,"1,667",1667
2012,ME,025,SOMERSET,MAPLE SYRUP,GALLONS,YEAR,"425,644",425644
2012,ME,027,WALDO,MAPLE SYRUP,GALLONS,YEAR,594,594
2012,ME,029,WASHINGTON,MAPLE SYRUP,GALLONS,YEAR,"1,271",1271
2012,ME,001,ANDROSCOGGIN,MAPLE SYRUP,GALLONS,YEAR,937,937
2012,ME,005,CUMBERLAND,MAPLE SYRUP,GALLONS,YEAR,"1,774",1774
2012,ME,007,FRANKLIN,MAPLE SYRUP,GALLONS,YEAR,"2,036",2036
2012,ME,011,KENNEBEC,MAPLE SYRUP,GALLONS,YEAR,963,963
2012,ME,013,KNOX,MAPLE SYRUP,GALLONS,YEAR,167,167
2012,ME,015,LINCOLN,MAPLE SYRUP,GALLONS,YEAR,157,157
2012,ME,017,OXFORD,MAPLE SYRUP,GALLONS,YEAR,"2,159",2159
2012,ME,023,SAGADAHOC,MAPLE SYRUP,GALLONS,YEAR,134,134
2012,ME,031,YORK,MAPLE SYRUP,GALLONS,YEAR,"1,877",1877
2012,ME,003,AROOSTOOK,OATS,BU,YEAR,"1,832,591",1832591
2012,ME,019,PENOBSCOT,OATS,BU,YEAR,465,465
2012,ME,021,PISCATAQUIS,OATS,BU,YEAR,"16,019",16019
2012,ME,027,WALDO,OATS,BU,YEAR,"1,048",1048
2012,ME,015,LINCOLN,OATS,BU,YEAR,"2,174",2174
2012,ME,031,YORK,OATS,BU,YEAR,300,300
2012,ME,003,AROOSTOOK,RYE,BU,YEAR,"250,198",250198
2012,ME,027,WALDO,RYE,BU,YEAR,66,66
2012,ME,011,KENNEBEC,RYE,BU,YEAR,156,156
2012,ME,003,AROOSTOOK,SOYBEANS,BU,YEAR,"73,984",73984
2012,ME,003,AROOSTOOK,WHEAT,BU,YEAR,"92,262",92262
2012,ME,015,LINCOLN,WHEAT,BU,YEAR,696,696
2012,ME,003,AROOSTOOK,VEGETABLE TOTALS,OPERATIONS,YEAR,3,3
2012,ME,003,AROOSTOOK,POTATOES,CWT,YEAR,"14,829,000",14829000
2012,ME,,OTHER (COMBINED) COUNTIES,POTATOES,CWT,YEAR,"146,000",146000
2012,ME,019,PENOBSCOT,POTATOES,CWT,YEAR,"556,000",556000
2012,ME,,OTHER (COMBINED) COUNTIES,POTATOES,CWT,YEAR,"557,000",557000
2017,ME,003,AROOSTOOK,BARLEY,BU,YEAR,"1,147,859",1147859
2017,ME,021,PISCATAQUIS,BARLEY,BU,YEAR,198,198
2017,ME,027,WALDO,BARLEY,BU,YEAR,24,24
2017,ME,029,WASHINGTON,BEANS,CWT,YEAR,33,33
2017,ME,031,YORK,BEANS,CWT,YEAR,"1,040",1040
2017,ME,003,AROOSTOOK,BUCKWHEAT,BU,YEAR,"1,773",1773
2017,ME,003,AROOSTOOK,CORN,BU,YEAR,"121,375",121375
2017,ME,009,HANCOCK,CORN,BU,YEAR,500,500
2017,ME,025,SOMERSET,CORN,BU,YEAR,"196,938",196938
2017,ME,027,WALDO,CORN,BU,YEAR,675,675
2017,ME,001,ANDROSCOGGIN,CORN,BU,YEAR,"215,851",215851
2017,ME,011,KENNEBEC,CORN,BU,YEAR,640,640
2017,ME,017,OXFORD,CORN,BU,YEAR,"307,446",307446
2017,ME,031,YORK,CORN,BU,YEAR,"3,770",3770
2017,ME,003,AROOSTOOK,CORN,TONS,YEAR,"11,410",11410
2017,ME,019,PENOBSCOT,CORN,TONS,YEAR,"123,851",123851
2017,ME,025,SOMERSET,CORN,TONS,YEAR,"88,539",88539
2017,ME,027,WALDO,CORN,TONS,YEAR,"30,227",30227
2017,ME,001,ANDROSCOGGIN,CORN,TONS,YEAR,"22,986",22986
2017,ME,005,CUMBERLAND,CORN,TONS,YEAR,"7,684",7684
2017,ME,007,FRANKLIN,CORN,TONS,YEAR,"3,275",3275
2017,ME,011,KENNEBEC,CORN,TONS,YEAR,"94,599",94599
2017,ME,017,OXFORD,CORN,TONS,YEAR,"11,481",11481
2017,ME,023,SAGADAHOC,CORN,TONS,YEAR,"1,458",1458
2017,ME,031,YORK,CORN,TONS,YEAR,"6,798",6798
2017,ME,003,AROOSTOOK,HAY,TONS,YEAR,"15,889",15889
2017,ME,009,HANCOCK,HAY,TONS,YEAR,"2,668",2668
2017,ME,019,PENOBSCOT,HAY,TONS,YEAR,"17,722",17722
2017,ME,021,PISCATAQUIS,HAY,TONS,YEAR,"3,645",3645
2017,ME,025,SOMERSET,HAY,TONS,YEAR,"15,012",15012
2017,ME,027,WALDO,HAY,TONS,YEAR,"10,011",10011
2017,ME,001,ANDROSCOGGIN,HAY,TONS,YEAR,"23,074",23074
2017,ME,005,CUMBERLAND,HAY,TONS,YEAR,"10,713",10713
2017,ME,007,FRANKLIN,HAY,TONS,YEAR,"13,347",13347
2017,ME,011,KENNEBEC,HAY,TONS,YEAR,"18,613",18613
2017,ME,013,KNOX,HAY,TONS,YEAR,"5,355",5355
2017,ME,017,OXFORD,HAY,TONS,YEAR,"9,758",9758
2017,ME,023,SAGADAHOC,HAY,TONS,YEAR,"4,668",4668
2017,ME,031,YORK,HAY,TONS,YEAR,"14,932",14932
2017,ME,003,AROOSTOOK,HAY,TONS,YEAR,"3,583",3583
2017,ME,009,HANCOCK,HAY,TONS,YEAR,172,172
2017,ME,019,PENOBSCOT,HAY,TONS,YEAR,"2,063",2063
2017,ME,021,PISCATAQUIS,HAY,TONS,YEAR,272,272
2017,ME,025,SOMERSET,HAY,TONS,YEAR,"1,008",1008
2017,ME,027,WALDO,HAY,TONS,YEAR,"1,228",1228
2017,ME,001,ANDROSCOGGIN,HAY,TONS,YEAR,"2,117",2117
2017,ME,005,CUMBERLAND,HAY,TONS,YEAR,"1,274",1274
2017,ME,007,FRANKLIN,HAY,TONS,YEAR,"1,591",1591
2017,ME,011,KENNEBEC,HAY,TONS,YEAR,"3,225",3225
2017,ME,013,KNOX,HAY,TONS,YEAR,637,637
2017,ME,017,OXFORD,HAY,TONS,YEAR,"1,282",1282
2017,ME,023,SAGADAHOC,HAY,TONS,YEAR,583,583
2017,ME,031,YORK,HAY,TONS,YEAR,"2,003",2003
2017,ME,003,AROOSTOOK,HAY,TONS,YEAR,"19,472",19472
2017,ME,009,HANCOCK,HAY,TONS,YEAR,"2,840",2840
2017,ME,019,PENOBSCOT,HAY,TONS,YEAR,"19,785",19785
2017,ME,021,PISCATAQUIS,HAY,TONS,YEAR,"3,917",3917
2017,ME,025,SOMERSET,HAY,TONS,YEAR,"16,020",16020
2017,ME,027,WALDO,HAY,TONS,YEAR,"11,239",11239
2017,ME,029,WASHINGTON,HAY,TONS,YEAR,"1,400",1400
2017,ME,001,ANDROSCOGGIN,HAY,TONS,YEAR,"25,191",25191
2017,ME,005,CUMBERLAND,HAY,TONS,YEAR,"11,987",11987
2017,ME,007,FRANKLIN,HAY,TONS,YEAR,"14,938",14938
2017,ME,011,KENNEBEC,HAY,TONS,YEAR,"21,838",21838
2017,ME,013,KNOX,HAY,TONS,YEAR,"5,992",5992
2017,ME,015,LINCOLN,HAY,TONS,YEAR,"3,895",3895
2017,ME,017,OXFORD,HAY,TONS,YEAR,"11,040",11040
2017,ME,023,SAGADAHOC,HAY,TONS,YEAR,"5,251",5251
2017,ME,031,YORK,HAY,TONS,YEAR,"16,935",16935
2017,ME,003,AROOSTOOK,HAY & HAYLAGE,"TONS, DRY BASIS",YEAR,"31,847",31847
2017,ME,009,HANCOCK,HAY & HAYLAGE,"TONS, DRY BASIS",YEAR,"2,934",2934
2017,ME,019,PENOBSCOT,HAY & HAYLAGE,"TONS, DRY BASIS",YEAR,"48,141",48141
2017,ME,021,PISCATAQUIS,HAY & HAYLAGE,"TONS, DRY BASIS",YEAR,"11,910",11910
2017,ME,025,SOMERSET,HAY & HAYLAGE,"TONS, DRY BASIS",YEAR,"45,046",45046
2017,ME,027,WALDO,HAY & HAYLAGE,"TONS, DRY BASIS",YEAR,"26,391",26391
2017,ME,029,WASHINGTON,HAY & HAYLAGE,"TONS, DRY BASIS",YEAR,"2,105",2105
2017,ME,001,ANDROSCOGGIN,HAY & HAYLAGE,"TONS, DRY BASIS",YEAR,"33,057",33057
2017,ME,005,CUMBERLAND,HAY & HAYLAGE,"TONS, DRY BASIS",YEAR,"17,988",17988
2017,ME,007,FRANKLIN,HAY & HAYLAGE,"TONS, DRY BASIS",YEAR,"20,978",20978
2017,ME,011,KENNEBEC,HAY & HAYLAGE,"TONS, DRY BASIS",YEAR,"66,887",66887
2017,ME,013,KNOX,HAY & HAYLAGE,"TONS, DRY BASIS",YEAR,"8,596",8596
2017,ME,015,LINCOLN,HAY & HAYLAGE,"TONS, DRY BASIS",YEAR,"5,111",5111
2017,ME,017,OXFORD,HAY & HAYLAGE,"TONS, DRY BASIS",YEAR,"15,358",15358
2017,ME,023,SAGADAHOC,HAY & HAYLAGE,"TONS, DRY BASIS",YEAR,"7,460",7460
2017,ME,031,YORK,HAY & HAYLAGE,"TONS, DRY BASIS",YEAR,"20,642",20642
2017,ME,003,AROOSTOOK,HAYLAGE,TONS,YEAR,"12,770",12770
2017,ME,019,PENOBSCOT,HAYLAGE,TONS,YEAR,"41,607",41607
2017,ME,025,SOMERSET,HAYLAGE,TONS,YEAR,"42,943",42943
2017,ME,027,WALDO,HAYLAGE,TONS,YEAR,"26,987",26987
2017,ME,001,ANDROSCOGGIN,HAYLAGE,TONS,YEAR,"10,295",10295
2017,ME,005,CUMBERLAND,HAYLAGE,TONS,YEAR,"11,416",11416
2017,ME,007,FRANKLIN,HAYLAGE,TONS,YEAR,"10,866",10866
2017,ME,013,KNOX,HAYLAGE,TONS,YEAR,"5,270",5270
2017,ME,017,OXFORD,HAYLAGE,TONS,YEAR,"6,277",6277
2017,ME,023,SAGADAHOC,HAYLAGE,TONS,YEAR,"2,072",2072
2017,ME,031,YORK,HAYLAGE,TONS,YEAR,"6,646",6646
2017,ME,003,AROOSTOOK,HAYLAGE,TONS,YEAR,"12,271",12271
2017,ME,019,PENOBSCOT,HAYLAGE,TONS,YEAR,"15,742",15742
2017,ME,025,SOMERSET,HAYLAGE,TONS,YEAR,"15,780",15780
2017,ME,027,WALDO,HAYLAGE,TONS,YEAR,"3,672",3672
2017,ME,001,ANDROSCOGGIN,HAYLAGE,TONS,YEAR,"5,618",5618
2017,ME,005,CUMBERLAND,HAYLAGE,TONS,YEAR,723,723
2017,ME,007,FRANKLIN,HAYLAGE,TONS,YEAR,"1,370",1370
2017,ME,017,OXFORD,HAYLAGE,TONS,YEAR,"2,472",2472
2017,ME,023,SAGADAHOC,HAYLAGE,TONS,YEAR,"2,400",2400
2017,ME,031,YORK,HAYLAGE,TONS,YEAR,864,864
2017,ME,003,AROOSTOOK,HAYLAGE,TONS,YEAR,"25,041",25041
2017,ME,009,HANCOCK,HAYLAGE,TONS,YEAR,192,192
2017,ME,019,PENOBSCOT,HAYLAGE,TONS,YEAR,"57,349",57349
2017,ME,021,PISCATAQUIS,HAYLAGE,TONS,YEAR,"16,178",16178
2017,ME,025,SOMERSET,HAYLAGE,TONS,YEAR,"58,723",58723
2017,ME,027,WALDO,HAYLAGE,TONS,YEAR,"30,659",30659
2017,ME,029,WASHINGTON,HAYLAGE,TONS,YEAR,"1,429",1429
2017,ME,001,ANDROSCOGGIN,HAYLAGE,TONS,YEAR,"15,913",15913
2017,ME,005,CUMBERLAND,HAYLAGE,TONS,YEAR,"12,139",12139
2017,ME,007,FRANKLIN,HAYLAGE,TONS,YEAR,"12,236",12236
2017,ME,011,KENNEBEC,HAYLAGE,TONS,YEAR,"91,155",91155
2017,ME,013,KNOX,HAYLAGE,TONS,YEAR,"5,270",5270
2017,ME,015,LINCOLN,HAYLAGE,TONS,YEAR,"2,471",2471
2017,ME,017,OXFORD,HAYLAGE,TONS,YEAR,"8,749",8749
2017,ME,023,SAGADAHOC,HAYLAGE,TONS,YEAR,"4,472",4472
2017,ME,031,YORK,HAYLAGE,TONS,YEAR,"7,510",7510
2017,ME,025,SOMERSET,HERBS,LB,YEAR,600,600
2017,ME,011,KENNEBEC,HOPS,LB,YEAR,"1,500",1500
2017,ME,031,YORK,HOPS,LB,YEAR,"2,000",2000
2017,ME,003,AROOSTOOK,MAPLE SYRUP,GALLONS,YEAR,"4,808",4808
2017,ME,019,PENOBSCOT,MAPLE SYRUP,GALLONS,YEAR,"8,674",8674
2017,ME,021,PISCATAQUIS,MAPLE SYRUP,GALLONS,YEAR,"3,414",3414
2017,ME,025,SOMERSET,MAPLE SYRUP,GALLONS,YEAR,"654,498",654498
2017,ME,027,WALDO,MAPLE SYRUP,GALLONS,YEAR,"1,445",1445
2017,ME,001,ANDROSCOGGIN,MAPLE SYRUP,GALLONS,YEAR,"2,875",2875
2017,ME,005,CUMBERLAND,MAPLE SYRUP,GALLONS,YEAR,"2,432",2432
2017,ME,007,FRANKLIN,MAPLE SYRUP,GALLONS,YEAR,"5,510",5510
2017,ME,011,KENNEBEC,MAPLE SYRUP,GALLONS,YEAR,"3,575",3575
2017,ME,013,KNOX,MAPLE SYRUP,GALLONS,YEAR,537,537
2017,ME,015,LINCOLN,MAPLE SYRUP,GALLONS,YEAR,718,718
2017,ME,017,OXFORD,MAPLE SYRUP,GALLONS,YEAR,"16,826",16826
2017,ME,023,SAGADAHOC,MAPLE SYRUP,GALLONS,YEAR,249,249
2017,ME,031,YORK,MAPLE SYRUP,GALLONS,YEAR,"5,983",5983
2017,ME,003,AROOSTOOK,OATS,BU,YEAR,"1,322,380",1322380
2017,ME,019,PENOBSCOT,OATS,BU,YEAR,"13,114",13114
2017,ME,021,PISCATAQUIS,OATS,BU,YEAR,"4,000",4000
2017,ME,027,WALDO,OATS,BU,YEAR,210,210
2017,ME,003,AROOSTOOK,RYE,BU,YEAR,"77,380",77380
2017,ME,031,YORK,RYE,BU,YEAR,"1,769",1769
2017,ME,003,AROOSTOOK,SOYBEANS,BU,YEAR,"39,229",39229
2017,ME,021,PISCATAQUIS,WHEAT,BU,YEAR,480,480
2017,ME,025,SOMERSET,WHEAT,BU,YEAR,160,160
2017,ME,027,WALDO,WHEAT,BU,YEAR,566,566
2017,ME,011,KENNEBEC,WHEAT,BU,YEAR,90,90
2017,ME,021,PISCATAQUIS,WHEAT,BU,YEAR,480,480
2017,ME,025,SOMERSET,WHEAT,BU,YEAR,160,160
2017,ME,027,WALDO,WHEAT,BU,YEAR,566,566
2017,ME,011,KENNEBEC,WHEAT,BU,YEAR,90,90
2022,ME,003,AROOSTOOK,BARLEY,BU,YEAR,"691,001",691001
2022,ME,019,PENOBSCOT,BARLEY,BU,YEAR,900,900
2022,ME,003,AROOSTOOK,BUCKWHEAT,BU,YEAR,"1,003",1003
2022,ME,003,AROOSTOOK,CORN,BU,YEAR,"266,688",266688
2022,ME,025,SOMERSET,CORN,BU,YEAR,"114,590",114590
2022,ME,027,WALDO,CORN,BU,YEAR,75,75
2022,ME,029,WASHINGTON,CORN,BU,YEAR,"1,280",1280
2022,ME,005,CUMBERLAND,CORN,BU,YEAR,"66,640",66640
2022,ME,007,FRANKLIN,CORN,BU,YEAR,"54,540",54540
2022,ME,011,KENNEBEC,CORN,BU,YEAR,"25,156",25156
2022,ME,013,KNOX,CORN,BU,YEAR,768,768
2022,ME,017,OXFORD,CORN,BU,YEAR,"284,449",284449
2022,ME,031,YORK,CORN,BU,YEAR,"8,910",8910
2022,ME,003,AROOSTOOK,CORN,TONS,YEAR,"12,045",12045
2022,ME,019,PENOBSCOT,CORN,TONS,YEAR,"74,761",74761
2022,ME,021,PISCATAQUIS,CORN,TONS,YEAR,"23,660",23660
2022,ME,025,SOMERSET,CORN,TONS,YEAR,"54,728",54728
2022,ME,027,WALDO,CORN,TONS,YEAR,"29,741",29741
2022,ME,001,ANDROSCOGGIN,CORN,TONS,YEAR,"8,472",8472
2022,ME,005,CUMBERLAND,CORN,TONS,YEAR,"15,538",15538
2022,ME,011,KENNEBEC,CORN,TONS,YEAR,"101,255",101255
2022,ME,017,OXFORD,CORN,TONS,YEAR,"5,908",5908
2022,ME,023,SAGADAHOC,CORN,TONS,YEAR,"3,450",3450
2022,ME,031,YORK,CORN,TONS,YEAR,"7,712",7712
2022,ME,003,AROOSTOOK,HAY,TONS,YEAR,"28,735",28735
2022,ME,009,HANCOCK,HAY,TONS,YEAR,"2,203",2203
2022,ME,019,PENOBSCOT,HAY,TONS,YEAR,"12,385",12385
2022,ME,021,PISCATAQUIS,HAY,TONS,YEAR,"3,241",3241
2022,ME,025,SOMERSET,HAY,TONS,YEAR,"12,856",12856
2022,ME,027,WALDO,HAY,TONS,YEAR,"8,502",8502
2022,ME,029,WASHINGTON,HAY,TONS,YEAR,806,806
2022,ME,001,ANDROSCOGGIN,HAY,TONS,YEAR,"15,080",15080
2022,ME,005,CUMBERLAND,HAY,TONS,YEAR,"9,580",9580
2022,ME,007,FRANKLIN,HAY,TONS,YEAR,"7,696",7696
2022,ME,011,KENNEBEC,HAY,TONS,YEAR,"15,590",15590
2022,ME,013,KNOX,HAY,TONS,YEAR,"3,473",3473
2022,ME,015,LINCOLN,HAY,TONS,YEAR,"3,308",3308
2022,ME,017,OXFORD,HAY,TONS,YEAR,"8,551",8551
2022,ME,023,SAGADAHOC,HAY,TONS,YEAR,"3,058",3058
2022,ME,031,YORK,HAY,TONS,YEAR,"7,734",7734
2022,ME,003,AROOSTOOK,HAY,TONS,YEAR,"4,438",4438
2022,ME,009,HANCOCK,HAY,TONS,YEAR,22,22
2022,ME,019,PENOBSCOT,HAY,TONS,YEAR,"1,370",1370
2022,ME,021,PISCATAQUIS,HAY,TONS,YEAR,643,643
2022,ME,025,SOMERSET,HAY,TONS,YEAR,"1,324",1324
2022,ME,027,WALDO,HAY,TONS,YEAR,394,394
2022,ME,029,WASHINGTON,HAY,TONS,YEAR,53,53
2022,ME,001,ANDROSCOGGIN,HAY,TONS,YEAR,778,778
2022,ME,005,CUMBERLAND,HAY,TONS,YEAR,493,493
2022,ME,007,FRANKLIN,HAY,TONS,YEAR,250,250
2022,ME,011,KENNEBEC,HAY,TONS,YEAR,"1,200",1200
2022,ME,013,KNOX,HAY,TONS,YEAR,99,99
2022,ME,015,LINCOLN,HAY,TONS,YEAR,712,712
2022,ME,017,OXFORD,HAY,TONS,YEAR,794,794
2022,ME,023,SAGADAHOC,HAY,TONS,YEAR,538,538
2022,ME,031,YORK,HAY,TONS,YEAR,750,750
2022,ME,003,AROOSTOOK,HAY,TONS,YEAR,"33,173",33173
2022,ME,009,HANCOCK,HAY,TONS,YEAR,"2,225",2225
2022,ME,019,PENOBSCOT,HAY,TONS,YEAR,"13,755",13755
2022,ME,021,PISCATAQUIS,HAY,TONS,YEAR,"3,884",3884
2022,ME,025,SOMERSET,HAY,TONS,YEAR,"14,180",14180
2022,ME,027,WALDO,HAY,TONS,YEAR,"8,896",8896
2022,ME,029,WASHINGTON,HAY,TONS,YEAR,859,859
2022,ME,001,ANDROSCOGGIN,HAY,TONS,YEAR,"15,858",15858
2022,ME,005,CUMBERLAND,HAY,TONS,YEAR,"10,073",10073
2022,ME,007,FRANKLIN,HAY,TONS,YEAR,"7,946",7946
2022,ME,011,KENNEBEC,HAY,TONS,YEAR,"16,790",16790
2022,ME,013,KNOX,HAY,TONS,YEAR,"3,572",3572
2022,ME,015,LINCOLN,HAY,TONS,YEAR,"4,020",4020
2022,ME,017,OXFORD,HAY,TONS,YEAR,"9,345",9345
2022,ME,023,SAGADAHOC,HAY,TONS,YEAR,"3,596",3596
2022,ME,031,YORK,HAY,TONS,YEAR,"8,484",8484
2022,ME,003,AROOSTOOK,HAY & HAYLAGE,"TONS, DRY BASIS",YEAR,"48,986",48986
2022,ME,009,HANCOCK,HAY & HAYLAGE,"TONS, DRY BASIS",YEAR,"2,509",2509
2022,ME,019,PENOBSCOT,HAY & HAYLAGE,"TONS, DRY BASIS",YEAR,"33,571",33571
2022,ME,021,PISCATAQUIS,HAY & HAYLAGE,"TONS, DRY BASIS",YEAR,"10,506",10506
2022,ME,025,SOMERSET,HAY & HAYLAGE,"TONS, DRY BASIS",YEAR,"43,671",43671
2022,ME,027,WALDO,HAY & HAYLAGE,"TONS, DRY BASIS",YEAR,"29,312",29312
2022,ME,029,WASHINGTON,HAY & HAYLAGE,"TONS, DRY BASIS",YEAR,"1,496",1496
2022,ME,001,ANDROSCOGGIN,HAY & HAYLAGE,"TONS, DRY BASIS",YEAR,"20,728",20728
2022,ME,005,CUMBERLAND,HAY & HAYLAGE,"TONS, DRY BASIS",YEAR,"17,004",17004
2022,ME,007,FRANKLIN,HAY & HAYLAGE,"TONS, DRY BASIS",YEAR,"11,678",11678
2022,ME,011,KENNEBEC,HAY & HAYLAGE,"TONS, DRY BASIS",YEAR,"52,300",52300
2022,ME,013,KNOX,HAY & HAYLAGE,"TONS, DRY BASIS",YEAR,"7,208",7208
2022,ME,015,LINCOLN,HAY & HAYLAGE,"TONS, DRY BASIS",YEAR,"6,282",6282
2022,ME,017,OXFORD,HAY & HAYLAGE,"TONS, DRY BASIS",YEAR,"16,810",16810
2022,ME,023,SAGADAHOC,HAY & HAYLAGE,"TONS, DRY BASIS",YEAR,"6,669",6669
2022,ME,031,YORK,HAY & HAYLAGE,"TONS, DRY BASIS",YEAR,"13,501",13501
2022,ME,003,AROOSTOOK,HAYLAGE,TONS,YEAR,"17,158",17158
2022,ME,019,PENOBSCOT,HAYLAGE,TONS,YEAR,"27,417",27417
2022,ME,025,SOMERSET,HAYLAGE,TONS,YEAR,"53,318",53318
2022,ME,027,WALDO,HAYLAGE,TONS,YEAR,"39,975",39975
2022,ME,029,WASHINGTON,HAYLAGE,TONS,YEAR,"1,285",1285
2022,ME,001,ANDROSCOGGIN,HAYLAGE,TONS,YEAR,"8,730",8730
2022,ME,005,CUMBERLAND,HAYLAGE,TONS,YEAR,"12,372",12372
2022,ME,007,FRANKLIN,HAYLAGE,TONS,YEAR,"6,085",6085
2022,ME,011,KENNEBEC,HAYLAGE,TONS,YEAR,"51,743",51743
2022,ME,015,LINCOLN,HAYLAGE,TONS,YEAR,"4,500",4500
2022,ME,017,OXFORD,HAYLAGE,TONS,YEAR,"13,919",13919
2022,ME,031,YORK,HAYLAGE,TONS,YEAR,"8,324",8324
2022,ME,003,AROOSTOOK,HAYLAGE,TONS,YEAR,"14,835",14835
2022,ME,019,PENOBSCOT,HAYLAGE,TONS,YEAR,"12,663",12663
2022,ME,025,SOMERSET,HAYLAGE,TONS,YEAR,"6,352",6352
2022,ME,027,WALDO,HAYLAGE,TONS,YEAR,"1,343",1343
2022,ME,001,ANDROSCOGGIN,HAYLAGE,TONS,YEAR,"1,124",1124
2022,ME,005,CUMBERLAND,HAYLAGE,TONS,YEAR,"1,643",1643
2022,ME,007,FRANKLIN,HAYLAGE,TONS,YEAR,"1,460",1460
2022,ME,011,KENNEBEC,HAYLAGE,TONS,YEAR,"20,096",20096
2022,ME,015,LINCOLN,HAYLAGE,TONS,YEAR,80,80
2022,ME,017,OXFORD,HAYLAGE,TONS,YEAR,"1,186",1186
2022,ME,031,YORK,HAYLAGE,TONS,YEAR,"1,816",1816
2022,ME,003,AROOSTOOK,HAYLAGE,TONS,YEAR,"31,993",31993
2022,ME,009,HANCOCK,HAYLAGE,TONS,YEAR,576,576
2022,ME,019,PENOBSCOT,HAYLAGE,TONS,YEAR,"40,080",40080
2022,ME,021,PISCATAQUIS,HAYLAGE,TONS,YEAR,"13,398",13398
2022,ME,025,SOMERSET,HAYLAGE,TONS,YEAR,"59,670",59670
2022,ME,027,WALDO,HAYLAGE,TONS,YEAR,"41,318",41318
2022,ME,029,WASHINGTON,HAYLAGE,TONS,YEAR,"1,285",1285
2022,ME,001,ANDROSCOGGIN,HAYLAGE,TONS,YEAR,"9,854",9854
2022,ME,005,CUMBERLAND,HAYLAGE,TONS,YEAR,"14,015",14015
2022,ME,007,FRANKLIN,HAYLAGE,TONS,YEAR,"7,545",7545
2022,ME,011,KENNEBEC,HAYLAGE,TONS,YEAR,"71,839",71839
2022,ME,013,KNOX,HAYLAGE,TONS,YEAR,"7,361",7361
2022,ME,015,LINCOLN,HAYLAGE,TONS,YEAR,"4,580",4580
2022,ME,017,OXFORD,HAYLAGE,TONS,YEAR,"15,105",15105
2022,ME,023,SAGADAHOC,HAYLAGE,TONS,YEAR,"6,210",6210
2022,ME,031,YORK,HAYLAGE,TONS,YEAR,"10,140",10140
2022,ME,019,PENOBSCOT,HEMP,LB,YEAR,"1,200",1200
2022,ME,031,YORK,HEMP,LB,YEAR,60,60
2022,ME,025,SOMERSET,HOPS,LB,YEAR,"4,200",4200
2022,ME,003,AROOSTOOK,MAPLE SYRUP,GALLONS,YEAR,"4,526",4526
2022,ME,009,HANCOCK,MAPLE SYRUP,GALLONS,YEAR,89,89
2022,ME,019,PENOBSCOT,MAPLE SYRUP,GALLONS,YEAR,"1,040",1040
2022,ME,021,PISCATAQUIS,MAPLE SYRUP,GALLONS,YEAR,"3,770",3770
2022,ME,025,SOMERSET,MAPLE SYRUP,GALLONS,YEAR,"607,699",607699
2022,ME,027,WALDO,MAPLE SYRUP,GALLONS,YEAR,"4,231",4231
2022,ME,029,WASHINGTON,MAPLE SYRUP,GALLONS,YEAR,838,838
2022,ME,001,ANDROSCOGGIN,MAPLE SYRUP,GALLONS,YEAR,"6,017",6017
2022,ME,005,CUMBERLAND,MAPLE SYRUP,GALLONS,YEAR,"2,266",2266
2022,ME,007,FRANKLIN,MAPLE SYRUP,GALLONS,YEAR,"3,536",3536
2022,ME,011,KENNEBEC,MAPLE SYRUP,GALLONS,YEAR,"1,350",1350
2022,ME,013,KNOX,MAPLE SYRUP,GALLONS,YEAR,308,308
2022,ME,015,LINCOLN,MAPLE SYRUP,GALLONS,YEAR,300,300
2022,ME,017,OXFORD,MAPLE SYRUP,GALLONS,YEAR,"40,902",40902
2022,ME,023,SAGADAHOC,MAPLE SYRUP,GALLONS,YEAR,55,55
2022,ME,031,YORK,MAPLE SYRUP,GALLONS,YEAR,"3,093",3093
2022,ME,027,WALDO,MINT,LB,YEAR,552,552
2022,ME,003,AROOSTOOK,MUSTARD,LB,YEAR,"96,225",96225
2022,ME,003,AROOSTOOK,OATS,BU,YEAR,"1,743,172",1743172
2022,ME,019,PENOBSCOT,OATS,BU,YEAR,"175,355",175355
2022,ME,003,AROOSTOOK,PEAS,CWT,YEAR,"5,280",5280
2022,ME,003,AROOSTOOK,RYE,BU,YEAR,"79,300",79300
2022,ME,003,AROOSTOOK,SOYBEANS,BU,YEAR,"28,970",28970
2022,ME,007,FRANKLIN,SOYBEANS,BU,YEAR,"7,536",7536
2022,ME,003,AROOSTOOK,WHEAT,BU,YEAR,"86,465",86465
2022,ME,019,PENOBSCOT,WHEAT,BU,YEAR,600,600
2022,ME,019,PENOBSCOT,WHEAT,BU,YEAR,600,600
2022,ME,,OTHER COUNTIES,OATS,BU,YEAR,"2,100,000",2100000
